-- MySQL dump 10.13  Distrib 8.0.13, for Win64 (x86_64)
--
-- Host: localhost    Database: moviedb
-- ------------------------------------------------------
-- Server version	8.0.13

/*!40101 SET @OLD_CHARACTER_SET_CLIENT=@@CHARACTER_SET_CLIENT */;
/*!40101 SET @OLD_CHARACTER_SET_RESULTS=@@CHARACTER_SET_RESULTS */;
/*!40101 SET @OLD_COLLATION_CONNECTION=@@COLLATION_CONNECTION */;
 SET NAMES utf8mb4 ;
/*!40103 SET @OLD_TIME_ZONE=@@TIME_ZONE */;
/*!40103 SET TIME_ZONE='+00:00' */;
/*!40014 SET @OLD_UNIQUE_CHECKS=@@UNIQUE_CHECKS, UNIQUE_CHECKS=0 */;
/*!40014 SET @OLD_FOREIGN_KEY_CHECKS=@@FOREIGN_KEY_CHECKS, FOREIGN_KEY_CHECKS=0 */;
/*!40101 SET @OLD_SQL_MODE=@@SQL_MODE, SQL_MODE='NO_AUTO_VALUE_ON_ZERO' */;
/*!40111 SET @OLD_SQL_NOTES=@@SQL_NOTES, SQL_NOTES=0 */;

--
-- Current Database: `moviedb`
--

CREATE DATABASE /*!32312 IF NOT EXISTS*/ `moviedb` /*!40100 DEFAULT CHARACTER SET utf8mb4 COLLATE utf8mb4_0900_ai_ci */;

USE `moviedb`;

--
-- Table structure for table `joined_table`
--

DROP TABLE IF EXISTS `joined_table`;
/*!40101 SET @saved_cs_client     = @@character_set_client */;
 SET character_set_client = utf8mb4 ;
CREATE TABLE `joined_table` (
  `id` int(11) NOT NULL DEFAULT '0',
  `torrent_name` varchar(255) NOT NULL,
  `IMDB_id` varchar(255) NOT NULL,
  `torrent_size` varchar(255) NOT NULL,
  `torrent_seeders` int(11) DEFAULT NULL,
  `torrent_leechers` int(11) DEFAULT NULL,
  `title` varchar(255) NOT NULL,
  `keywords` text NOT NULL
) ENGINE=InnoDB DEFAULT CHARSET=utf8mb4 COLLATE=utf8mb4_0900_ai_ci;
/*!40101 SET character_set_client = @saved_cs_client */;

--
-- Dumping data for table `joined_table`
--

LOCK TABLES `joined_table` WRITE;
/*!40000 ALTER TABLE `joined_table` DISABLE KEYS */;
INSERT INTO `joined_table` VALUES (1,'Honest.Thief.2020.1080p.BluRay.x264.DTS-MT','tt1838556','9.16 GB',3050,962,'Honest Thief','bomb, bank robber, criminal past, divorce, fbi agent'),(2,'Honest.Thief.2020.1080p.BluRay.H264.AAC-RARBG','tt1838556','1.88 GB',2382,630,'Honest Thief','bomb, bank robber, criminal past, divorce, fbi agent'),(3,'Monsters.of.Man.2020.1080p.WEB-DL.DD5.1.H264-FGT','tt6456326','4.52 GB',2114,402,'Monsters of Man','None'),(4,'The.Prom.2020.1080p.WEB.H264-NAISU','tt10161886','4.11 GB',1053,483,'The Prom','prom'),(5,'Let.Them.All.Talk.2020.1080p.WEB.H264-NAISU','tt10808832','6.79 GB',1021,344,'Let Them All Talk','female friendship, author, writer'),(6,'Monsters.of.Man.2020.WEB-DL.x264-FGT','tt6456326','1.25 GB',834,153,'Monsters of Man','None'),(7,'Elf.2003.1080p.BluRay.H264.AAC-RARBG','tt0319343','1.84 GB',693,195,'Elf','elves, dwarf, santa claus, adoption, sarcasm, looking for  birth parents, romance, orphan, north pole, christmas spirit, christmas, workshop, father son relationship'),(8,'Honest.Thief.2020.720p.BluRay.H264.AAC-RARBG','tt1838556','1.19 GB',620,99,'Honest Thief','bomb, bank robber, criminal past, divorce, fbi agent'),(9,'Tenet.2020.IMAX.2160p.BluRay.REMUX.HEVC.DTS-HD.MA.5.1-FGT','tt6723592','76.41 GB',565,581,'Tenet','norway, fire engine, time, mumbai (bombay), india, arms dealer, espionage, crime scene, car chase, swat team, terrorist attack, kiev russia, spy thriller, tallinn'),(10,'The.Prom.2020.WEBRip.x264-ION10','tt10161886','1.26 GB',581,341,'The Prom','prom'),(11,'Honest.Thief.2020.720p.BluRay.x264.DTS-MT','tt1838556','3.67 GB',497,119,'Honest Thief','bomb, bank robber, criminal past, divorce, fbi agent'),(12,'The.Prom.2020.1080p.WEBRip.x264-RARBG','tt10161886','2.53 GB',473,280,'The Prom','prom'),(13,'Monsters.of.Man.2020.1080p.WEBRip.x264-RARBG','tt6456326','2.51 GB',445,89,'Monsters of Man','None'),(14,'Let.Them.All.Talk.2020.1080p.WEBRip.x264-RARBG','tt10808832','2.15 GB',421,123,'Let Them All Talk','female friendship, author, writer'),(15,'Honest.Thief.2020.BRRip.XviD.MP3-XVID','tt1838556','0.98 GB',420,59,'Honest Thief','bomb, bank robber, criminal past, divorce, fbi agent'),(16,'Joker.2019.1080p.BluRay.H264.AAC-RARBG','tt7286456','2.32 GB',408,25,'Joker','street gang, dc comics, dream, clown, villain, society, joker, based on comic, murder, criminal mastermind, mental illness, anarchy, clown makeup, subway train, tv host, 1980s, mother son relationship, origin story, brutal violence, gotham city'),(17,'Honest.Thief.2020.1080p.BluRay.x264.DTS-HD.MA.5.1-MT','tt1838556','10.34 GB',373,67,'Honest Thief','bomb, bank robber, criminal past, divorce, fbi agent'),(18,'Monsters.of.Man.2020.1080p.AMZN.WEBRip.DDP5.1.x264-NTG','tt6456326','7.02 GB',344,60,'Monsters of Man','None'),(19,'Let.Them.All.Talk.2020.WEBRip.x264-ION10','tt10808832','1.07 GB',305,58,'Let Them All Talk','female friendship, author, writer'),(20,'Wolfwalkers.2020.1080p.ATVP.WEB-DL.DDP5.1.Atmos.x264-CM','tt5198068','7.28 GB',238,112,'Wolfwalkers','None'),(21,'Let.Them.All.Talk.2020.WEBRip.XviD.MP3-XVID','tt10808832','906.89 MB',244,47,'Let Them All Talk','female friendship, author, writer'),(22,'Harry.Potter.And.The.Sorcerers.Stone.2001.EXTENDED.1080p.BluRay.H264.AAC-RARBG','tt0241527','3.03 GB',236,41,'Harry Potter and the Philosopher\'s Stone','witch, based on novel or book, christmas party, magic, school friend, halloween, child hero, chosen one, friendship, school, fantasy world, wizard, based on young adult novel'),(23,'Songbird.2020.1080p.AMZN.WEBRip.DDP5.1.x264-NOGRP','tt12592252','5.80 GB',216,120,'Songbird','post-apocalyptic future, quarantine, lockdown, pandemic, covid-19, shot in lockdown'),(24,'Christmas.Vacation.1989.REMASTERED.1080p.BluRay.H264.AAC-RARBG','tt0097958','1.85 GB',220,74,'National Lampoon\'s Christmas Vacation','holiday, boss, family dinner, neighbor, domestic life, fantasy sequence, christmas, christmas bonus, jello'),(25,'Tenet.2020.IMAX.2160p.BluRay.HEVC.DTS-HD.MA.5.1-ESiR','tt6723592','82.54 GB',206,180,'Tenet','norway, fire engine, time, mumbai (bombay), india, arms dealer, espionage, crime scene, car chase, swat team, terrorist attack, kiev russia, spy thriller, tallinn'),(26,'Scrooged.1988.1080p.BluRay.H264.AAC-RARBG','tt0096061','1.92 GB',210,63,'Scrooged','holiday, tv ratings, ghost, duringcreditsstinger, christmas music, christmas'),(27,'Honest.Thief.2020.1080p.BluRay.REMUX.AVC.DTS-HD.MA.5.1-FGT','tt1838556','21.77 GB',202,118,'Honest Thief','bomb, bank robber, criminal past, divorce, fbi agent'),(28,'Harry.Potter.and.the.Half.Blood.Prince.2009.1080p.BluRay.H264.AAC-RARBG','tt0417741','2.93 GB',208,28,'Harry Potter and the Half-Blood Prince','witch, magic, school of witchcraft, apparition, teenage crush, school, werewolf, wizard, based on young adult novel'),(29,'Harry.Potter.And.The.Prisoner.Of.Azkaban.2004.1080p.BluRay.H264.AAC-RARBG','tt0304141','2.70 GB',192,30,'Harry Potter and the Prisoner of Azkaban','flying, traitor, magic, school friend, child hero, school of witchcraft, black magic, time travel, friendship, school, best friend, werewolf, muggle, aftercreditsstinger, school class, based on young adult novel, magic spell'),(30,'Harry.Potter.And.The.Deathly.Hallows.Part.2.2011.1080p.BluRay.H264.AAC-RARBG','tt1201607','2.49 GB',187,32,'Harry Potter and the Deathly Hallows: Part 2','self sacrifice, magic, sorcerer, school, wizard, based on young adult novel'),(31,'Home.Alone.3.1997.PROPER.1080p.WEBRip.x264-RARBG','tt0119303','1.95 GB',186,32,'Home Alone 3','holiday, burglar, winter, bravery, computer chip, technical toy, sequel, little boy, home invasion, car, precocious child, home alone, mischievous child, christmas, chicken pox, child rescue'),(32,'The.Nightmare.Before.Christmas.1993.1080p.BluRay.H264.AAC-RARBG','tt0107688','1.46 GB',185,27,'The Nightmare Before Christmas','holiday, fire, santa claus, magic, halloween, skeleton, musical, christmas tree, woods, stop motion, pumpkin, jack o lantern, saving christmas, christmas'),(33,'Wolfwalkers.2020.1080p.WEBRip.x264-RARBG','tt5198068','1.96 GB',179,86,'Wolfwalkers','None'),(34,'Honest.Thief.2020.BRRip.XviD.AC3-XVID','tt1838556','1.16 GB',178,27,'Honest Thief','bomb, bank robber, criminal past, divorce, fbi agent'),(35,'Archenemy.2020.1080p.WEBRip.x264-RARBG','tt11274100','1.72 GB',174,65,'Archenemy','None'),(36,'Im.Your.Woman.2020.1080p.WEBRip.x264-RARBG','tt10243992','2.29 GB',171,93,'I\'m Your Woman','None'),(37,'Harry.Potter.And.The.Chamber.of.Secrets.2002.EXTENDED.1080p.BluRay.H264.AAC-RARBG','tt0295297','3.33 GB',175,30,'Harry Potter and the Chamber of Secrets','flying car, witch, magic, child hero, school of witchcraft, giant spider, giant snake, black magic, child driving car, wizard, aftercreditsstinger, based on young adult novel, phoenix (mythical bird)'),(38,'Im.Your.Woman.2020.1080p.WEB.H264-NAISU','tt10243992','7.50 GB',165,92,'I\'m Your Woman','None'),(39,'Die.Hard.1988.1080p.BluRay.H264.AAC-RARBG','tt0095016','2.52 GB',171,32,'Die Hard','based on novel or book, terrorist, s.w.a.t., hostage, fbi, kidnapping, vault, murder, heist, shootout, los angeles, california, one man army, one night, christmas, 1980s, action hero'),(40,'Miracle.On.34th.Street.1947.1080p.BluRay.H264.AAC-RARBG','tt0039628','1.84 GB',167,53,'Miracle on 34th Street','holiday, judge, parent child relationship, santa claus, department store, thanksgiving, court, lawyer, psychologist, little girl, single mother, district attorney, skepticism, holiday season, commercialism, christmas, rationalism, loss of faith, macy\'s thanksgiving day parade, mother daughter relationship, commitment hearing'),(41,'Harry.Potter.And.The.Deathly.Hallows.Part.1.2010.1080p.BluRay.H264.AAC-RARBG','tt0926084','2.79 GB',167,31,'Harry Potter and the Deathly Hallows: Part 1','corruption, isolation, radio, magic, teleportation, bravery, tension, attack, werewolf, based on young adult novel'),(42,'How.the.Grinch.Stole.Christmas.2000.REMASTERED.1080p.BluRay.H264.AAC-RARBG','tt0170016','2.00 GB',164,56,'How the Grinch Stole Christmas','holiday, christmas party, new love, santa claus, village, dr. seuss, christmas'),(43,'Harry.Potter.And.The.Goblet.Of.Fire.2005.1080p.BluRay.H264.AAC-RARBG','tt0330373','3.00 GB',167,24,'Harry Potter and the Goblet of Fire','based on novel or book, magic, dying and death, school of witchcraft, chosen one, black magic, boarding school, vision, school, tournament, teenager, teenage hero, based on young adult novel'),(44,'The.Nightmare.Before.Christmas.1993.1080p.BluRay.x264-FiDELiO','tt0107688','4.66 GB',164,43,'The Nightmare Before Christmas','holiday, fire, santa claus, magic, halloween, skeleton, musical, christmas tree, woods, stop motion, pumpkin, jack o lantern, saving christmas, christmas'),(45,'Batman.Begins.2005.REMASTERED.1080p.BluRay.H264.AAC-RARBG','tt0372784','2.67 GB',161,20,'Batman Begins','loss of loved one, martial arts, dc comics, crime fighter, secret identity, undercover, vigilante, superhero, based on comic, rivalry, tragic hero, ninja, super power, haunted by the past, evil doctor, master villain, fighting crime, unfulfilled love'),(46,'Monsters.of.Man.2020.WEB-DL.XviD.MP3-FGT','tt6456326','1.84 GB',159,27,'Monsters of Man','None'),(47,'Gremlins.1984.1080p.BluRay.H264.AAC-RARBG','tt0087363','2.03 GB',157,44,'Gremlins','holiday, monster, small town, department store, bars and restaurants, human animal relationship, pet, sunlight, chain saw, salesperson, midnight, fur, banking, puppet, gremlin, ymca, puppetry, christmas'),(48,'The.Stand.In.2020.1080p.WEBRip.x264-RARBG','tt7970348','1.94 GB',152,82,'The Stand In','None'),(49,'Harry.Potter.and.the.Order.of.the.Phoenix.2007.1080p.BluRay.H264.AAC-RARBG','tt0373889','2.76 GB',152,24,'Harry Potter and the Order of the Phoenix','prophecy, witch, loss of loved one, magic, child hero, dying and death, school of witchcraft, black magic, sorcery, supernatural, occult, mystical land, based on young adult novel'),(50,'Christmas.Vacation.1989.REMASTERED.1080p.BluRay.X264-AMIABLE','tt0097958','9.83 GB',146,60,'National Lampoon\'s Christmas Vacation','holiday, boss, family dinner, neighbor, domestic life, fantasy sequence, christmas, christmas bonus, jello'),(51,'The.Dark.Knight.2008.1080p.BluRay.H264.AAC-RARBG','tt0468569','2.90 GB',147,38,'The Dark Knight','dc comics, crime fighter, secret identity, scarecrow, sadism, chaos, vigilante, joker, superhero, based on comic, tragic hero, organized crime, criminal mastermind, district attorney, super power, imax, super villain, batman'),(52,'Archenemy.2020.1080p.AMZN.WEBRip.DDP5.1.x264-NTG','tt11274100','5.97 GB',141,92,'Archenemy','None'),(53,'Songbird.2020.1080p.WEBRip.x264-RARBG','tt12592252','1.62 GB',138,85,'Songbird','post-apocalyptic future, quarantine, lockdown, pandemic, covid-19, shot in lockdown'),(54,'The.Dark.Knight.Rises.2012.1080p.BluRay.H264.AAC-RARBG','tt1345836','3.14 GB',144,23,'The Dark Knight Rises','dc comics, crime fighter, terrorist, secret identity, burglar, hostage, fight, time bomb, vigilante, cover-up, superhero, based on comic, villainess, tragic hero, mobile, terrorism, destruction, city, fighting, criminal underworld, catwoman, cat burglar, imax, flood, batmobile'),(55,'The.Christmas.Chronicles.2018.1080p.WEBRip.X264-RARBG','tt2990140','1.97 GB',139,49,'The Christmas Chronicles','massachusetts, camera, santa claus, brother, sister, children, north pole, journey, christmas spirit, christmas, chronicles'),(56,'Ip.Man.Kung.Fu.Master.2019.CHINESE.1080p.BluRay.x264.DTS-NOGRP','tt12567246','8.34 GB',134,81,'Ip Man: Kung Fu Master','None'),(57,'Vanguard.2020.CHINESE.1080p.WEB-DL.H264.DD5.1-FGT','tt9695722','3.72 GB',135,30,'Vanguard','None'),(58,'Home.Alone.1990.REMASTERED.1080p.BluRay.X264-AMIABLE','tt0099785','10.95 GB',128,74,'Home Alone','holiday, burglar, little boy, home invasion, precocious child, booby trap, home alone, suburban chicago, mischievous child, christmas, kids on their own, child rescue'),(59,'Home.Alone.2.Lost.In.New.York.1992.1080p.BluRay.x264-CLASSiC','tt0104431','8.74 GB',130,50,'Home Alone 2: Lost in New York','holiday, new york city, burglar, sequel, little boy, home invasion, family, precocious child, home alone, mischievous child, christmas, child rescue'),(60,'A.Christmas.Story.1983.1080p.BluRay.H264.AAC-RARBG','tt0085334','1.78 GB',131,26,'A Christmas Story','holiday, nostalgia, snow, young boy, chinese restaurant, tongue, bb gun, christmas tree dealer, mall santa, christmas, 1940s'),(61,'The.Chronicles.of.Narnia.Prince.Caspian.2008.1080p.BluRay.H264.AAC-RARBG','tt0499448','2.86 GB',125,52,'The Chronicles of Narnia: Prince Caspian','sibling relationship, based on novel or book, lion, wretch, matter of life and death, faith, uncle, based on children\'s book, fantasy world, based on young adult novel'),(62,'Jiu.Jitsu.2020.1080p.BluRay.x264-WoAT','tt9624766','9.63 GB',121,27,'Jiu Jitsu','jiu-jitsu'),(63,'The.Polar.Express.2004.1080p.BluRay.H264.AAC-RARBG','tt0338348','1.91 GB',119,47,'The Polar Express','santa claus, nerd, faith, gift, bell, beard, north pole, trestle, ticket, train travel, christmas'),(64,'The.Godfather.1972.1080p.BluRay.REMUX.AVC.DTS-HD.MA.TrueHD.5.1-FGT','tt0068646','45.68 GB',106,112,'The Godfather','italy, loss of loved one, love at first sight, italian american, based on novel or book, europe, patriarch, organized crime, mafia, lawyer, crime family, rise to power, mob boss, 1940s, 1950s'),(65,'Honest.Thief.2020.720p.BRRip.XviD.AC3-XVID','tt1838556','2.41 GB',115,20,'Honest Thief','bomb, bank robber, criminal past, divorce, fbi agent'),(66,'The.Chronicles.Of.Narnia.The.Lion.The.Witch.And.The.Wardrobe.2005.1080p.BluRay.H264.AAC-RARBG','tt0363771','2.72 GB',112,39,'The Chronicles of Narnia: The Lion, the Witch and the Wardrobe','saving the world, sibling relationship, witch, based on novel or book, self sacrifice, winter, cupboard, beaver, lion, fairy tale, battle, based on children\'s book, fantasy world, duringcreditsstinger, based on young adult novel'),(67,'Edward.Scissorhands.1990.REMASTERED.1080p.BluRay.H264.AAC-RARBG','tt0099487','2.00 GB',111,48,'Edward Scissorhands','underdog, love at first sight, hairdresser, small town, scissors, inventor, burglar, isolation, sadness, symbolism, fairy tale, unsociability, alone, flashback, tragic love, snow, gothic, told in flashback, artificial, signs & wonders, beauty and the beast, love story, goth, frankenstein, topiary'),(68,'Die.Hard.With.A.Vengeance.1995.1080p.BluRay.H264.AAC-RARBG','tt0112864','2.52 GB',113,28,'Die Hard: With a Vengeance','new york city, bomb, taxi, riddle, robbery, detective, helicopter, gold, subway, fbi, ship, fistfight, police, sequel, deception, flashback, shootout, explosion, violence, car chase, simon says, dump truck, aqueduct, action hero, federal reserve bank'),(69,'Wild.Mountain.Thyme.2020.1080p.AMZN.WEBRip.DDP5.1.x264-NOGRP','tt6842770','5.07 GB',110,38,'Wild Mountain Thyme','based on play or musical'),(70,'Live.Free.Or.Die.Hard.2007.1080p.BluRay.H264.AAC-RARBG','tt0337978','2.45 GB',110,21,'Live Free or Die Hard','washington d.c., hostage, fbi, kidnapping, hacker, transport of prisoners, ex-cop, sequel, violence, car chase, cyber terrorism, action hero, based on magazine, newspaper or article'),(71,'Jiu.Jitsu.2020.1080p.BluRay.H264.AAC-RARBG','tt9624766','1.95 GB',109,28,'Jiu Jitsu','jiu-jitsu'),(72,'Last.Christmas.2019.1080p.BluRay.H264.AAC-RARBG','tt8623904','1.96 GB',107,36,'Last Christmas','holiday, london, england, romantic comedy, homeless shelter, holiday season, christmas, santa\'s elves'),(73,'Tremors.1990.2160p.BluRay.REMUX.HEVC.DTS-HD.MA.5.1-FGT','tt0100814','65.52 GB',82,276,'Tremors','nevada, small town, tractor, stranded, rural area, tentacle, graboids, seismologist, binoculars, giant worm, man eating monster'),(74,'Parallel.2018.1080p.WEBRip.x264-RARBG','tt4922674','1.98 GB',102,75,'Parallel','None'),(75,'The.Prom.2020.WEBRip.XviD.MP3-XVID','tt10161886','1.66 GB',105,43,'The Prom','prom'),(76,'Last.Christmas.2019.RERiP.1080p.BluRay.x264-GUACAMOLE','tt8623904','8.74 GB',100,86,'Last Christmas','holiday, london, england, romantic comedy, homeless shelter, holiday season, christmas, santa\'s elves'),(77,'Ip.Man.Kung.Fu.Master.2019.CHINESE.1080p.BluRay.H264.AAC-VXT','tt12567246','1.61 GB',104,40,'Ip Man: Kung Fu Master','None'),(78,'The.Grinch.2018.1080p.BluRay.x264-GECKOS','tt2709692','4.38 GB',105,19,'The Grinch','remake, surrealism, dr. seuss, computer-generated imagery, based on children\'s book, christmas'),(79,'Archenemy.2020.WEB-DL.x264-FGT','tt11274100','880.59 MB',102,42,'Archenemy','None'),(80,'The.Polar.Express.2004.1080p.BluRay.x264-TiMELORDS','tt0338348','4.37 GB',100,58,'The Polar Express','santa claus, nerd, faith, gift, bell, beard, north pole, trestle, ticket, train travel, christmas'),(81,'Gremlins.2.The.New.Batch.1990.1080p.BluRay.X264-AMIABLE','tt0099700','7.65 GB',100,57,'Gremlins 2: The New Batch','new york city, monster, skyscraper, mutant, restaurant, human animal relationship, mutation, tv station, dying and death, research station, fur, bat, current, electric shock, cleverness, gremlin, puppetry, cowardliness'),(82,'Im.Your.Woman.2020.WEBRip.x264-ION10','tt10243992','1.15 GB',101,38,'I\'m Your Woman','None'),(83,'Archenemy.2020.1080p.WEB-DL.DD5.1.H264-FGT','tt11274100','3.13 GB',101,30,'Archenemy','None'),(84,'Joker.2019.1080p.BluRay.x264-AAA','tt7286456','7.64 GB',100,11,'Joker','street gang, dc comics, dream, clown, villain, society, joker, based on comic, murder, criminal mastermind, mental illness, anarchy, clown makeup, subway train, tv host, 1980s, mother son relationship, origin story, brutal violence, gotham city'),(85,'Battle.of.the.Bulge.Winter.War.2020.1080p.BluRay.H264.AAC-RARBG','tt12631030','1.62 GB',93,75,'Battle of the Bulge: Winter War','world war ii, battle of the bulge, german army, american soldiers'),(86,'Trading.Places.1983.1080p.BluRay.x264.DD5.1-FGT','tt0086465','7.23 GB',93,69,'Trading Places','philadelphia, pennsylvania, christmas party, christmas tree, rags to riches, broker, beggar, wager, fish out of water, millionaire, commodities, investor, big shot, hoodlum, wrongful arrest, gorilla costume, riches to rags, santa claus costume'),(87,'Home.Alone.2.Lost.In.New.York.1992.1080p.BluRay.H264.AAC-RARBG','tt0104431','2.29 GB',96,36,'Home Alone 2: Lost in New York','holiday, new york city, burglar, sequel, little boy, home invasion, family, precocious child, home alone, mischievous child, christmas, child rescue'),(88,'Home.Alone.1990.REMASTERED.1080p.BluRay.H264.AAC-RARBG','tt0099785','1.98 GB',95,45,'Home Alone','holiday, burglar, little boy, home invasion, precocious child, booby trap, home alone, suburban chicago, mischievous child, christmas, kids on their own, child rescue'),(89,'Audrey.2020.1080p.BluRay.H264.AAC-RARBG','tt10731386','1.92 GB',93,65,'Audrey','ballet'),(90,'A.Christmas.Carol.1951.1080p.BluRay.H264.AAC-RARBG','tt0044008','1.65 GB',95,44,'Scrooge','london, england, based on novel or book, greed, supernatural, business ethics, victorian england, money, redemption, miser, ghost, christmas, businessman'),(91,'The.Godfather.Part.II.1974.1080p.BluRay.REMUX.AVC.DTS-HD.MA.TrueHD.5.1-FGT','tt0071562','46.05 GB',85,129,'The Godfather: Part II','italy, italian american, cuba, melancholy, praise, revenge, mafia, lawyer, blood, suburb, corrupt politician, bloody body of child, man punches woman'),(92,'The.Prom.2020.720p.WEB.H264-NAISU','tt10161886','2.72 GB',93,37,'The Prom','prom'),(93,'The.Family.Man.2000.1080p.BluRay.H264.AAC-RARBG','tt0218967','2.40 GB',91,49,'The Family Man','workaholic, second chance, guardian angel, christmas, career vs family, life reprioritizing'),(94,'The.Chronicles.Of.Narnia.The.Voyage.Of.The.Dawn.Treader.2010.1080p.BluRay.x264-TWiZTED','tt0980970','8.82 GB',86,83,'The Chronicles of Narnia: The Voyage of the Dawn Treader','based on novel or book, magic, anthropomorphism, dragon, king, fantasy world, snowing, sea voyage, quest, father son relationship, brother sister relationship, turned into animal, based on young adult novel'),(95,'Love.Actually.2003.1080p.BluRay.x264-FHD','tt0314331','9.51 GB',81,113,'Love Actually','london, england, love at first sight, u.s. president, marseille, france, war on terror, office, christmas party, bars and restaurants, press conference, language barrier, prime minister, rock star, school performance, heathrow airport, multiple storylines, christmas'),(96,'Its.A.Wonderful.Life.Colorized.Version.1946.1080p.BluRay.H264.AAC-RARBG','tt0038650','2.50 GB',89,30,'It\'s a Wonderful Life','holiday, angel, bank, suicide attempt, desperation, small town, great depression, family business , black and white, nervous breakdown, old house, alternate reality, newlywed, told in flashback, guardian angel, high school dance, christmas, building and loan'),(97,'Elf.2003.1080p.BluRay.x264-CiNEFiLE','tt0319343','7.94 GB',89,30,'Elf','elves, dwarf, santa claus, adoption, sarcasm, looking for  birth parents, romance, orphan, north pole, christmas spirit, christmas, workshop, father son relationship'),(98,'A.Good.Day.to.Die.Hard.2013.EXTENDED.1080p.BluRay.H264.AAC-RARBG','tt1606378','1.93 GB',90,17,'A Good Day to Die Hard','bomb, cia, russia, escape, courthouse, agent, rogue, moscow, russia'),(99,'Die.Hard.2.1990.1080p.BluRay.H264.AAC-RARBG','tt0099423','2.42 GB',89,20,'Die Hard 2','ambush, helicopter, journalist, based on novel or book, airport, hand grenade, fistfight, cop, sequel, snow, dulles international airport, shootout, officer involved shooting, terrorism, explosion, church, violence, sabotage, commando, walkie talkie, swat team, air traffic control, snowmobile'),(100,'Parallel.2018.1080p.WEB-DL.DD5.1.H264-FGT','tt4922674','3.61 GB',86,24,'Parallel','None');
/*!40000 ALTER TABLE `joined_table` ENABLE KEYS */;
UNLOCK TABLES;

--
-- Table structure for table `themoviedb`
--

DROP TABLE IF EXISTS `themoviedb`;
/*!40101 SET @saved_cs_client     = @@character_set_client */;
 SET character_set_client = utf8mb4 ;
CREATE TABLE `themoviedb` (
  `IMDB_id` varchar(255) NOT NULL,
  `title` varchar(255) NOT NULL,
  `keywords` text NOT NULL,
  PRIMARY KEY (`IMDB_id`)
) ENGINE=InnoDB DEFAULT CHARSET=utf8mb4 COLLATE=utf8mb4_0900_ai_ci;
/*!40101 SET character_set_client = @saved_cs_client */;

--
-- Dumping data for table `themoviedb`
--

LOCK TABLES `themoviedb` WRITE;
/*!40000 ALTER TABLE `themoviedb` DISABLE KEYS */;
INSERT INTO `themoviedb` VALUES ('tt0038650','It\'s a Wonderful Life','holiday, angel, bank, suicide attempt, desperation, small town, great depression, family business , black and white, nervous breakdown, old house, alternate reality, newlywed, told in flashback, guardian angel, high school dance, christmas, building and loan'),('tt0039628','Miracle on 34th Street','holiday, judge, parent child relationship, santa claus, department store, thanksgiving, court, lawyer, psychologist, little girl, single mother, district attorney, skepticism, holiday season, commercialism, christmas, rationalism, loss of faith, macy\'s thanksgiving day parade, mother daughter relationship, commitment hearing'),('tt0044008','Scrooge','london, england, based on novel or book, greed, supernatural, business ethics, victorian england, money, redemption, miser, ghost, christmas, businessman'),('tt0068646','The Godfather','italy, loss of loved one, love at first sight, italian american, based on novel or book, europe, patriarch, organized crime, mafia, lawyer, crime family, rise to power, mob boss, 1940s, 1950s'),('tt0071562','The Godfather: Part II','italy, italian american, cuba, melancholy, praise, revenge, mafia, lawyer, blood, suburb, corrupt politician, bloody body of child, man punches woman'),('tt0085334','A Christmas Story','holiday, nostalgia, snow, young boy, chinese restaurant, tongue, bb gun, christmas tree dealer, mall santa, christmas, 1940s'),('tt0086465','Trading Places','philadelphia, pennsylvania, christmas party, christmas tree, rags to riches, broker, beggar, wager, fish out of water, millionaire, commodities, investor, big shot, hoodlum, wrongful arrest, gorilla costume, riches to rags, santa claus costume'),('tt0087363','Gremlins','holiday, monster, small town, department store, bars and restaurants, human animal relationship, pet, sunlight, chain saw, salesperson, midnight, fur, banking, puppet, gremlin, ymca, puppetry, christmas'),('tt0095016','Die Hard','based on novel or book, terrorist, s.w.a.t., hostage, fbi, kidnapping, vault, murder, heist, shootout, los angeles, california, one man army, one night, christmas, 1980s, action hero'),('tt0096061','Scrooged','holiday, tv ratings, ghost, duringcreditsstinger, christmas music, christmas'),('tt0097958','National Lampoon\'s Christmas Vacation','holiday, boss, family dinner, neighbor, domestic life, fantasy sequence, christmas, christmas bonus, jello'),('tt0099423','Die Hard 2','ambush, helicopter, journalist, based on novel or book, airport, hand grenade, fistfight, cop, sequel, snow, dulles international airport, shootout, officer involved shooting, terrorism, explosion, church, violence, sabotage, commando, walkie talkie, swat team, air traffic control, snowmobile'),('tt0099487','Edward Scissorhands','underdog, love at first sight, hairdresser, small town, scissors, inventor, burglar, isolation, sadness, symbolism, fairy tale, unsociability, alone, flashback, tragic love, snow, gothic, told in flashback, artificial, signs & wonders, beauty and the beast, love story, goth, frankenstein, topiary'),('tt0099700','Gremlins 2: The New Batch','new york city, monster, skyscraper, mutant, restaurant, human animal relationship, mutation, tv station, dying and death, research station, fur, bat, current, electric shock, cleverness, gremlin, puppetry, cowardliness'),('tt0099785','Home Alone','holiday, burglar, little boy, home invasion, precocious child, booby trap, home alone, suburban chicago, mischievous child, christmas, kids on their own, child rescue'),('tt0100814','Tremors','nevada, small town, tractor, stranded, rural area, tentacle, graboids, seismologist, binoculars, giant worm, man eating monster'),('tt0104431','Home Alone 2: Lost in New York','holiday, new york city, burglar, sequel, little boy, home invasion, family, precocious child, home alone, mischievous child, christmas, child rescue'),('tt0107688','The Nightmare Before Christmas','holiday, fire, santa claus, magic, halloween, skeleton, musical, christmas tree, woods, stop motion, pumpkin, jack o lantern, saving christmas, christmas'),('tt0112864','Die Hard: With a Vengeance','new york city, bomb, taxi, riddle, robbery, detective, helicopter, gold, subway, fbi, ship, fistfight, police, sequel, deception, flashback, shootout, explosion, violence, car chase, simon says, dump truck, aqueduct, action hero, federal reserve bank'),('tt0119303','Home Alone 3','holiday, burglar, winter, bravery, computer chip, technical toy, sequel, little boy, home invasion, car, precocious child, home alone, mischievous child, christmas, chicken pox, child rescue'),('tt0170016','How the Grinch Stole Christmas','holiday, christmas party, new love, santa claus, village, dr. seuss, christmas'),('tt0218967','The Family Man','workaholic, second chance, guardian angel, christmas, career vs family, life reprioritizing'),('tt0241527','Harry Potter and the Philosopher\'s Stone','witch, based on novel or book, christmas party, magic, school friend, halloween, child hero, chosen one, friendship, school, fantasy world, wizard, based on young adult novel'),('tt0295297','Harry Potter and the Chamber of Secrets','flying car, witch, magic, child hero, school of witchcraft, giant spider, giant snake, black magic, child driving car, wizard, aftercreditsstinger, based on young adult novel, phoenix (mythical bird)'),('tt0304141','Harry Potter and the Prisoner of Azkaban','flying, traitor, magic, school friend, child hero, school of witchcraft, black magic, time travel, friendship, school, best friend, werewolf, muggle, aftercreditsstinger, school class, based on young adult novel, magic spell'),('tt0314331','Love Actually','london, england, love at first sight, u.s. president, marseille, france, war on terror, office, christmas party, bars and restaurants, press conference, language barrier, prime minister, rock star, school performance, heathrow airport, multiple storylines, christmas'),('tt0319343','Elf','elves, dwarf, santa claus, adoption, sarcasm, looking for  birth parents, romance, orphan, north pole, christmas spirit, christmas, workshop, father son relationship'),('tt0330373','Harry Potter and the Goblet of Fire','based on novel or book, magic, dying and death, school of witchcraft, chosen one, black magic, boarding school, vision, school, tournament, teenager, teenage hero, based on young adult novel'),('tt0337978','Live Free or Die Hard','washington d.c., hostage, fbi, kidnapping, hacker, transport of prisoners, ex-cop, sequel, violence, car chase, cyber terrorism, action hero, based on magazine, newspaper or article'),('tt0338348','The Polar Express','santa claus, nerd, faith, gift, bell, beard, north pole, trestle, ticket, train travel, christmas'),('tt0363771','The Chronicles of Narnia: The Lion, the Witch and the Wardrobe','saving the world, sibling relationship, witch, based on novel or book, self sacrifice, winter, cupboard, beaver, lion, fairy tale, battle, based on children\'s book, fantasy world, duringcreditsstinger, based on young adult novel'),('tt0372784','Batman Begins','loss of loved one, martial arts, dc comics, crime fighter, secret identity, undercover, vigilante, superhero, based on comic, rivalry, tragic hero, ninja, super power, haunted by the past, evil doctor, master villain, fighting crime, unfulfilled love'),('tt0373889','Harry Potter and the Order of the Phoenix','prophecy, witch, loss of loved one, magic, child hero, dying and death, school of witchcraft, black magic, sorcery, supernatural, occult, mystical land, based on young adult novel'),('tt0417741','Harry Potter and the Half-Blood Prince','witch, magic, school of witchcraft, apparition, teenage crush, school, werewolf, wizard, based on young adult novel'),('tt0468569','The Dark Knight','dc comics, crime fighter, secret identity, scarecrow, sadism, chaos, vigilante, joker, superhero, based on comic, tragic hero, organized crime, criminal mastermind, district attorney, super power, imax, super villain, batman'),('tt0499448','The Chronicles of Narnia: Prince Caspian','sibling relationship, based on novel or book, lion, wretch, matter of life and death, faith, uncle, based on children\'s book, fantasy world, based on young adult novel'),('tt0926084','Harry Potter and the Deathly Hallows: Part 1','corruption, isolation, radio, magic, teleportation, bravery, tension, attack, werewolf, based on young adult novel'),('tt0980970','The Chronicles of Narnia: The Voyage of the Dawn Treader','based on novel or book, magic, anthropomorphism, dragon, king, fantasy world, snowing, sea voyage, quest, father son relationship, brother sister relationship, turned into animal, based on young adult novel'),('tt10161886','The Prom','prom'),('tt10243992','I\'m Your Woman','None'),('tt10731386','Audrey','ballet'),('tt10808832','Let Them All Talk','female friendship, author, writer'),('tt11274100','Archenemy','None'),('tt1201607','Harry Potter and the Deathly Hallows: Part 2','self sacrifice, magic, sorcerer, school, wizard, based on young adult novel'),('tt12567246','Ip Man: Kung Fu Master','None'),('tt12592252','Songbird','post-apocalyptic future, quarantine, lockdown, pandemic, covid-19, shot in lockdown'),('tt12631030','Battle of the Bulge: Winter War','world war ii, battle of the bulge, german army, american soldiers'),('tt1345836','The Dark Knight Rises','dc comics, crime fighter, terrorist, secret identity, burglar, hostage, fight, time bomb, vigilante, cover-up, superhero, based on comic, villainess, tragic hero, mobile, terrorism, destruction, city, fighting, criminal underworld, catwoman, cat burglar, imax, flood, batmobile'),('tt1606378','A Good Day to Die Hard','bomb, cia, russia, escape, courthouse, agent, rogue, moscow, russia'),('tt1838556','Honest Thief','bomb, bank robber, criminal past, divorce, fbi agent'),('tt2709692','The Grinch','remake, surrealism, dr. seuss, computer-generated imagery, based on children\'s book, christmas'),('tt2990140','The Christmas Chronicles','massachusetts, camera, santa claus, brother, sister, children, north pole, journey, christmas spirit, christmas, chronicles'),('tt4922674','Parallel','None'),('tt5198068','Wolfwalkers','None'),('tt6456326','Monsters of Man','None'),('tt6723592','Tenet','norway, fire engine, time, mumbai (bombay), india, arms dealer, espionage, crime scene, car chase, swat team, terrorist attack, kiev russia, spy thriller, tallinn'),('tt6842770','Wild Mountain Thyme','based on play or musical'),('tt7286456','Joker','street gang, dc comics, dream, clown, villain, society, joker, based on comic, murder, criminal mastermind, mental illness, anarchy, clown makeup, subway train, tv host, 1980s, mother son relationship, origin story, brutal violence, gotham city'),('tt7970348','The Stand In','None'),('tt8623904','Last Christmas','holiday, london, england, romantic comedy, homeless shelter, holiday season, christmas, santa\'s elves'),('tt9624766','Jiu Jitsu','jiu-jitsu'),('tt9695722','Vanguard','None');
/*!40000 ALTER TABLE `themoviedb` ENABLE KEYS */;
UNLOCK TABLES;

--
-- Table structure for table `top100torrent`
--

DROP TABLE IF EXISTS `top100torrent`;
/*!40101 SET @saved_cs_client     = @@character_set_client */;
 SET character_set_client = utf8mb4 ;
CREATE TABLE `top100torrent` (
  `ID` int(11) NOT NULL AUTO_INCREMENT,
  `torrent_name` varchar(255) NOT NULL,
  `IMDB_id` varchar(255) NOT NULL,
  `torrent_size` varchar(255) NOT NULL,
  `torrent_seeders` int(11) DEFAULT NULL,
  `torrent_leechers` int(11) DEFAULT NULL,
  PRIMARY KEY (`ID`)
) ENGINE=InnoDB AUTO_INCREMENT=101 DEFAULT CHARSET=utf8mb4 COLLATE=utf8mb4_0900_ai_ci;
/*!40101 SET character_set_client = @saved_cs_client */;

--
-- Dumping data for table `top100torrent`
--

LOCK TABLES `top100torrent` WRITE;
/*!40000 ALTER TABLE `top100torrent` DISABLE KEYS */;
INSERT INTO `top100torrent` VALUES (1,'Honest.Thief.2020.1080p.BluRay.x264.DTS-MT','tt1838556','9.16 GB',3050,962),(2,'Honest.Thief.2020.1080p.BluRay.H264.AAC-RARBG','tt1838556','1.88 GB',2382,630),(3,'Monsters.of.Man.2020.1080p.WEB-DL.DD5.1.H264-FGT','tt6456326','4.52 GB',2114,402),(4,'The.Prom.2020.1080p.WEB.H264-NAISU','tt10161886','4.11 GB',1053,483),(5,'Let.Them.All.Talk.2020.1080p.WEB.H264-NAISU','tt10808832','6.79 GB',1021,344),(6,'Monsters.of.Man.2020.WEB-DL.x264-FGT','tt6456326','1.25 GB',834,153),(7,'Elf.2003.1080p.BluRay.H264.AAC-RARBG','tt0319343','1.84 GB',693,195),(8,'Honest.Thief.2020.720p.BluRay.H264.AAC-RARBG','tt1838556','1.19 GB',620,99),(9,'Tenet.2020.IMAX.2160p.BluRay.REMUX.HEVC.DTS-HD.MA.5.1-FGT','tt6723592','76.41 GB',565,581),(10,'The.Prom.2020.WEBRip.x264-ION10','tt10161886','1.26 GB',581,341),(11,'Honest.Thief.2020.720p.BluRay.x264.DTS-MT','tt1838556','3.67 GB',497,119),(12,'The.Prom.2020.1080p.WEBRip.x264-RARBG','tt10161886','2.53 GB',473,280),(13,'Monsters.of.Man.2020.1080p.WEBRip.x264-RARBG','tt6456326','2.51 GB',445,89),(14,'Let.Them.All.Talk.2020.1080p.WEBRip.x264-RARBG','tt10808832','2.15 GB',421,123),(15,'Honest.Thief.2020.BRRip.XviD.MP3-XVID','tt1838556','0.98 GB',420,59),(16,'Joker.2019.1080p.BluRay.H264.AAC-RARBG','tt7286456','2.32 GB',408,25),(17,'Honest.Thief.2020.1080p.BluRay.x264.DTS-HD.MA.5.1-MT','tt1838556','10.34 GB',373,67),(18,'Monsters.of.Man.2020.1080p.AMZN.WEBRip.DDP5.1.x264-NTG','tt6456326','7.02 GB',344,60),(19,'Let.Them.All.Talk.2020.WEBRip.x264-ION10','tt10808832','1.07 GB',305,58),(20,'Wolfwalkers.2020.1080p.ATVP.WEB-DL.DDP5.1.Atmos.x264-CM','tt5198068','7.28 GB',238,112),(21,'Let.Them.All.Talk.2020.WEBRip.XviD.MP3-XVID','tt10808832','906.89 MB',244,47),(22,'Harry.Potter.And.The.Sorcerers.Stone.2001.EXTENDED.1080p.BluRay.H264.AAC-RARBG','tt0241527','3.03 GB',236,41),(23,'Songbird.2020.1080p.AMZN.WEBRip.DDP5.1.x264-NOGRP','tt12592252','5.80 GB',216,120),(24,'Christmas.Vacation.1989.REMASTERED.1080p.BluRay.H264.AAC-RARBG','tt0097958','1.85 GB',220,74),(25,'Tenet.2020.IMAX.2160p.BluRay.HEVC.DTS-HD.MA.5.1-ESiR','tt6723592','82.54 GB',206,180),(26,'Scrooged.1988.1080p.BluRay.H264.AAC-RARBG','tt0096061','1.92 GB',210,63),(27,'Honest.Thief.2020.1080p.BluRay.REMUX.AVC.DTS-HD.MA.5.1-FGT','tt1838556','21.77 GB',202,118),(28,'Harry.Potter.and.the.Half.Blood.Prince.2009.1080p.BluRay.H264.AAC-RARBG','tt0417741','2.93 GB',208,28),(29,'Harry.Potter.And.The.Prisoner.Of.Azkaban.2004.1080p.BluRay.H264.AAC-RARBG','tt0304141','2.70 GB',192,30),(30,'Harry.Potter.And.The.Deathly.Hallows.Part.2.2011.1080p.BluRay.H264.AAC-RARBG','tt1201607','2.49 GB',187,32),(31,'Home.Alone.3.1997.PROPER.1080p.WEBRip.x264-RARBG','tt0119303','1.95 GB',186,32),(32,'The.Nightmare.Before.Christmas.1993.1080p.BluRay.H264.AAC-RARBG','tt0107688','1.46 GB',185,27),(33,'Wolfwalkers.2020.1080p.WEBRip.x264-RARBG','tt5198068','1.96 GB',179,86),(34,'Honest.Thief.2020.BRRip.XviD.AC3-XVID','tt1838556','1.16 GB',178,27),(35,'Archenemy.2020.1080p.WEBRip.x264-RARBG','tt11274100','1.72 GB',174,65),(36,'Im.Your.Woman.2020.1080p.WEBRip.x264-RARBG','tt10243992','2.29 GB',171,93),(37,'Harry.Potter.And.The.Chamber.of.Secrets.2002.EXTENDED.1080p.BluRay.H264.AAC-RARBG','tt0295297','3.33 GB',175,30),(38,'Im.Your.Woman.2020.1080p.WEB.H264-NAISU','tt10243992','7.50 GB',165,92),(39,'Die.Hard.1988.1080p.BluRay.H264.AAC-RARBG','tt0095016','2.52 GB',171,32),(40,'Miracle.On.34th.Street.1947.1080p.BluRay.H264.AAC-RARBG','tt0039628','1.84 GB',167,53),(41,'Harry.Potter.And.The.Deathly.Hallows.Part.1.2010.1080p.BluRay.H264.AAC-RARBG','tt0926084','2.79 GB',167,31),(42,'How.the.Grinch.Stole.Christmas.2000.REMASTERED.1080p.BluRay.H264.AAC-RARBG','tt0170016','2.00 GB',164,56),(43,'Harry.Potter.And.The.Goblet.Of.Fire.2005.1080p.BluRay.H264.AAC-RARBG','tt0330373','3.00 GB',167,24),(44,'The.Nightmare.Before.Christmas.1993.1080p.BluRay.x264-FiDELiO','tt0107688','4.66 GB',164,43),(45,'Batman.Begins.2005.REMASTERED.1080p.BluRay.H264.AAC-RARBG','tt0372784','2.67 GB',161,20),(46,'Monsters.of.Man.2020.WEB-DL.XviD.MP3-FGT','tt6456326','1.84 GB',159,27),(47,'Gremlins.1984.1080p.BluRay.H264.AAC-RARBG','tt0087363','2.03 GB',157,44),(48,'The.Stand.In.2020.1080p.WEBRip.x264-RARBG','tt7970348','1.94 GB',152,82),(49,'Harry.Potter.and.the.Order.of.the.Phoenix.2007.1080p.BluRay.H264.AAC-RARBG','tt0373889','2.76 GB',152,24),(50,'Christmas.Vacation.1989.REMASTERED.1080p.BluRay.X264-AMIABLE','tt0097958','9.83 GB',146,60),(51,'The.Dark.Knight.2008.1080p.BluRay.H264.AAC-RARBG','tt0468569','2.90 GB',147,38),(52,'Archenemy.2020.1080p.AMZN.WEBRip.DDP5.1.x264-NTG','tt11274100','5.97 GB',141,92),(53,'Songbird.2020.1080p.WEBRip.x264-RARBG','tt12592252','1.62 GB',138,85),(54,'The.Dark.Knight.Rises.2012.1080p.BluRay.H264.AAC-RARBG','tt1345836','3.14 GB',144,23),(55,'The.Christmas.Chronicles.2018.1080p.WEBRip.X264-RARBG','tt2990140','1.97 GB',139,49),(56,'Ip.Man.Kung.Fu.Master.2019.CHINESE.1080p.BluRay.x264.DTS-NOGRP','tt12567246','8.34 GB',134,81),(57,'Vanguard.2020.CHINESE.1080p.WEB-DL.H264.DD5.1-FGT','tt9695722','3.72 GB',135,30),(58,'Home.Alone.1990.REMASTERED.1080p.BluRay.X264-AMIABLE','tt0099785','10.95 GB',128,74),(59,'Home.Alone.2.Lost.In.New.York.1992.1080p.BluRay.x264-CLASSiC','tt0104431','8.74 GB',130,50),(60,'A.Christmas.Story.1983.1080p.BluRay.H264.AAC-RARBG','tt0085334','1.78 GB',131,26),(61,'The.Chronicles.of.Narnia.Prince.Caspian.2008.1080p.BluRay.H264.AAC-RARBG','tt0499448','2.86 GB',125,52),(62,'Jiu.Jitsu.2020.1080p.BluRay.x264-WoAT','tt9624766','9.63 GB',121,27),(63,'The.Polar.Express.2004.1080p.BluRay.H264.AAC-RARBG','tt0338348','1.91 GB',119,47),(64,'The.Godfather.1972.1080p.BluRay.REMUX.AVC.DTS-HD.MA.TrueHD.5.1-FGT','tt0068646','45.68 GB',106,112),(65,'Honest.Thief.2020.720p.BRRip.XviD.AC3-XVID','tt1838556','2.41 GB',115,20),(66,'The.Chronicles.Of.Narnia.The.Lion.The.Witch.And.The.Wardrobe.2005.1080p.BluRay.H264.AAC-RARBG','tt0363771','2.72 GB',112,39),(67,'Edward.Scissorhands.1990.REMASTERED.1080p.BluRay.H264.AAC-RARBG','tt0099487','2.00 GB',111,48),(68,'Die.Hard.With.A.Vengeance.1995.1080p.BluRay.H264.AAC-RARBG','tt0112864','2.52 GB',113,28),(69,'Wild.Mountain.Thyme.2020.1080p.AMZN.WEBRip.DDP5.1.x264-NOGRP','tt6842770','5.07 GB',110,38),(70,'Live.Free.Or.Die.Hard.2007.1080p.BluRay.H264.AAC-RARBG','tt0337978','2.45 GB',110,21),(71,'Jiu.Jitsu.2020.1080p.BluRay.H264.AAC-RARBG','tt9624766','1.95 GB',109,28),(72,'Last.Christmas.2019.1080p.BluRay.H264.AAC-RARBG','tt8623904','1.96 GB',107,36),(73,'Tremors.1990.2160p.BluRay.REMUX.HEVC.DTS-HD.MA.5.1-FGT','tt0100814','65.52 GB',82,276),(74,'Parallel.2018.1080p.WEBRip.x264-RARBG','tt4922674','1.98 GB',102,75),(75,'The.Prom.2020.WEBRip.XviD.MP3-XVID','tt10161886','1.66 GB',105,43),(76,'Last.Christmas.2019.RERiP.1080p.BluRay.x264-GUACAMOLE','tt8623904','8.74 GB',100,86),(77,'Ip.Man.Kung.Fu.Master.2019.CHINESE.1080p.BluRay.H264.AAC-VXT','tt12567246','1.61 GB',104,40),(78,'The.Grinch.2018.1080p.BluRay.x264-GECKOS','tt2709692','4.38 GB',105,19),(79,'Archenemy.2020.WEB-DL.x264-FGT','tt11274100','880.59 MB',102,42),(80,'The.Polar.Express.2004.1080p.BluRay.x264-TiMELORDS','tt0338348','4.37 GB',100,58),(81,'Gremlins.2.The.New.Batch.1990.1080p.BluRay.X264-AMIABLE','tt0099700','7.65 GB',100,57),(82,'Im.Your.Woman.2020.WEBRip.x264-ION10','tt10243992','1.15 GB',101,38),(83,'Archenemy.2020.1080p.WEB-DL.DD5.1.H264-FGT','tt11274100','3.13 GB',101,30),(84,'Joker.2019.1080p.BluRay.x264-AAA','tt7286456','7.64 GB',100,11),(85,'Battle.of.the.Bulge.Winter.War.2020.1080p.BluRay.H264.AAC-RARBG','tt12631030','1.62 GB',93,75),(86,'Trading.Places.1983.1080p.BluRay.x264.DD5.1-FGT','tt0086465','7.23 GB',93,69),(87,'Home.Alone.2.Lost.In.New.York.1992.1080p.BluRay.H264.AAC-RARBG','tt0104431','2.29 GB',96,36),(88,'Home.Alone.1990.REMASTERED.1080p.BluRay.H264.AAC-RARBG','tt0099785','1.98 GB',95,45),(89,'Audrey.2020.1080p.BluRay.H264.AAC-RARBG','tt10731386','1.92 GB',93,65),(90,'A.Christmas.Carol.1951.1080p.BluRay.H264.AAC-RARBG','tt0044008','1.65 GB',95,44),(91,'The.Godfather.Part.II.1974.1080p.BluRay.REMUX.AVC.DTS-HD.MA.TrueHD.5.1-FGT','tt0071562','46.05 GB',85,129),(92,'The.Prom.2020.720p.WEB.H264-NAISU','tt10161886','2.72 GB',93,37),(93,'The.Family.Man.2000.1080p.BluRay.H264.AAC-RARBG','tt0218967','2.40 GB',91,49),(94,'The.Chronicles.Of.Narnia.The.Voyage.Of.The.Dawn.Treader.2010.1080p.BluRay.x264-TWiZTED','tt0980970','8.82 GB',86,83),(95,'Love.Actually.2003.1080p.BluRay.x264-FHD','tt0314331','9.51 GB',81,113),(96,'Its.A.Wonderful.Life.Colorized.Version.1946.1080p.BluRay.H264.AAC-RARBG','tt0038650','2.50 GB',89,30),(97,'Elf.2003.1080p.BluRay.x264-CiNEFiLE','tt0319343','7.94 GB',89,30),(98,'A.Good.Day.to.Die.Hard.2013.EXTENDED.1080p.BluRay.H264.AAC-RARBG','tt1606378','1.93 GB',90,17),(99,'Die.Hard.2.1990.1080p.BluRay.H264.AAC-RARBG','tt0099423','2.42 GB',89,20),(100,'Parallel.2018.1080p.WEB-DL.DD5.1.H264-FGT','tt4922674','3.61 GB',86,24);
/*!40000 ALTER TABLE `top100torrent` ENABLE KEYS */;
UNLOCK TABLES;
/*!40103 SET TIME_ZONE=@OLD_TIME_ZONE */;

/*!40101 SET SQL_MODE=@OLD_SQL_MODE */;
/*!40014 SET FOREIGN_KEY_CHECKS=@OLD_FOREIGN_KEY_CHECKS */;
/*!40014 SET UNIQUE_CHECKS=@OLD_UNIQUE_CHECKS */;
/*!40101 SET CHARACTER_SET_CLIENT=@OLD_CHARACTER_SET_CLIENT */;
/*!40101 SET CHARACTER_SET_RESULTS=@OLD_CHARACTER_SET_RESULTS */;
/*!40101 SET COLLATION_CONNECTION=@OLD_COLLATION_CONNECTION */;
/*!40111 SET SQL_NOTES=@OLD_SQL_NOTES */;

-- Dump completed on 2020-12-11 22:40:43
